RSCU;Entomoplasma melaleucae;Entomoplasma_somnilux;Mesoplasma_chauliocola;Mesoplasma_coleopterae;Mesoplasma_florum_W37;;Trinucleiotide et cumulative fonction;;;;
TTT;1.4737449509521061;1.488741407916568;1.4538124315014873;1.4421571963252806;1.4895593624818886;;;;;;
TTC;0.5262550490478938;0.511258592083432;0.5461875684985126;0.5578428036747193;0.5104406375181113;;;Genome;cumulative freq codon;cumulative freq cond / RSCU ;
TTA;2.1831069108092143;2.2429411764705884;2.158479763681213;2.1867567826059235;2.239580227774134;;;Entomoplasma melaleucae;0.9333258000000001;0.015;
TTG;1.2852923803898406;1.3674705882352942;1.2854402046471969;1.2573086364650747;1.2283704012879375;;;Entomoplasma_somnilux;0.9358955000000003;0.015;
TCT;1.4600504625735913;1.3744763760350707;1.3862126245847175;1.3970210081995051;1.533211627580396;;;Mesoplasma_coleopterae;0.9344557000000002;0.015;
TCC;0.5674236052705355;0.572528007793473;0.6115725359911407;0.5641647663868808;0.5114450217666058;;;Mesoplasma_chauliocola;0.9340451;0.015;
TCA;1.8940285954583684;1.8078908913784706;1.7790697674418605;1.8627917131628742;1.8958011515236624;;;Mesoplasma_florum_W37;0.9338951000000002;0.015;
TCG;0.2049341183067003;0.43575255723331713;0.17081949058693244;0.2005725098248508;0.19014183401207696;;;;;;
TAT;1.4746543778801844;1.4897360703812317;1.4967184248439251;1.4931530594557116;1.5006615944426067;;;;;;
TAC;0.5253456221198156;0.5102639296187683;0.503281575156075;0.5068469405442885;0.49933840555739334;;;;;;
TGT;1.2681224964465694;1.2472818511290773;1.2172891094280491;1.24824724567177;1.2914529914529915;;;;;;
TGC;0.7318775035534307;0.7527181488709228;0.7827108905719509;0.7517527543282301;0.7085470085470086;;;;;;
TGG;1.0;1.0;1.0;1.0;1.0;;;;;;
CTT;1.1356003712766856;1.0256470588235296;1.1290312756951002;1.097012784136194;1.1144237075904837;;;;;;
CTC;0.2728883638511518;0.31217647058823533;0.32707007339281907;0.3182962986578251;0.29085922127481967;;;;;;
CTA;0.6706607037380812;0.6368823529411766;0.6583427231476688;0.691873625147448;0.6908353705801682;;;;;;
CTG;0.4524512699350266;0.41488235294117654;0.4416359594360021;0.4487518729875347;0.43593107149245724;;;;;;
CCT;1.3846707448722562;1.2088971846321357;1.450509461426492;1.3978819969742813;1.4028944077184207;;;;;;
CCC;0.41525728679381074;0.5182765593404884;0.507278020378457;0.46142208774583965;0.42165445774522065;;;;;;
CCA;1.9726520331054336;1.7744594804790792;1.796943231441048;1.8600605143721634;1.9367518313382168;;;;;;
CCG;0.22741993522849946;0.4983667755482968;0.24526928675400292;0.2806354009077156;0.23869930319814187;;;;;;
CAT;1.498384491114701;1.431433200765945;1.4881688018085908;1.4971133394105136;1.4852726742490523;;;;;;
CAC;0.5016155088852988;0.5685667992340551;0.5118311981914092;0.5028866605894865;0.5147273257509478;;;;;;
CAA;1.4758733736297511;1.538201296870595;1.5068201193520887;1.4771562291063072;1.4692013593882753;;;;;;
CAG;0.524126626370249;0.46179870312940513;0.49317988064791135;0.5228437708936929;0.5307986406117248;;;;;;
CGT;0.6533451372201847;0.7557884707003335;0.48072471061902367;0.5666116481961803;0.5996505532906232;;;;;;
CGC;0.28607562918932594;0.41448308718437354;0.283241066935078;0.24829049752416885;0.2837507280139779;;;;;;
CGA;0.46288099152649553;0.8386850881372082;0.43965777554101665;0.4697005423249234;0.48293535235876534;;;;;;
CGG;0.2079170355381308;0.4247737017627442;0.21680926019124308;0.21645838245696772;0.21875364006988934;;;;;;
ATT;1.5163049213775637;1.628065784769396;1.553310104529617;1.5333131893035203;1.5261785791874865;;;;;;
ATC;0.5195412811763465;0.4963889882016447;0.48783972125435543;0.4914261973107721;0.45198783402129045;;;;;;
ATA;0.9641537974460901;0.8755452270289598;0.9588501742160279;0.9752606133857079;1.0218335867912232;;;;;;
ATG;1.0;1.0;1.0;1.0;1.0;;;;;;
ACT;1.4860905349794238;1.281678773204197;1.4893653369778765;1.4662244719846396;1.4659090909090908;;;;;;
ACC;0.6607407407407407;0.7028248587570621;0.6936021183907064;0.700994938034561;0.6694214876033058;;;;;;
ACA;1.571028806584362;1.6016142050040356;1.5618006321004527;1.5576889509513003;1.6026170798898072;;;;;;
ACG;0.28213991769547325;0.41388216303470543;0.2552319125309644;0.275091639029499;0.26205234159779617;;;;;;
AAT;1.435283419217945;1.4345803450281063;1.4269823300684157;1.415737462347408;1.42656;;;;;;
AAC;0.5647165807820552;0.5654196549718937;0.5730176699315844;0.5842625376525921;0.57344;;;;;;
AAA;1.4876785151146552;1.546481867937158;1.5281417387721468;1.5087639838760813;1.50519136365611;;;;;;
AAG;0.5123214848853449;0.4535181320628421;0.4718582612278533;0.49123601612391865;0.49480863634388983;;;;;;
AGT;1.1822259601906364;1.0585484656600097;1.2203765227021042;1.2136237931201785;1.1596685858727707;;;;;;
AGC;0.6913372582001682;0.7508037018996591;0.8319490586932448;0.7618262093057105;0.7097317792444882;;;;;;
AGA;3.2067788035917544;2.552072415435922;3.2829391041771516;3.2673897665644898;3.2191030867792665;;;;;;
AGG;1.183002402934109;1.0141972367794188;1.2966280825364873;1.2315491629332707;1.1958066394874782;;;;;;
GTT;1.960193300024572;2.0600424212759014;1.9760315014552303;1.9791469194312796;1.9755509355509355;;;;;;
GTC;0.38922106642640675;0.44052863436123346;0.42321520287621983;0.4194743644980612;0.3812058212058212;;;;;;
GTA;1.0752723400769924;0.9025942241801272;1.0655709638760487;1.049547608789315;1.1073596673596673;;;;;;
GTG;0.5753132934720289;0.5968347201827378;0.5351823317925013;0.5518311072813442;0.5358835758835759;;;;;;
GCT;1.735080058224163;1.5446463084654039;1.6817485730196298;1.699670954232725;1.757531227038942;;;;;;
GCC;0.26375545851528387;0.4159257827599536;0.3853543087846304;0.36135207897098415;0.33093313739897134;;;;;;
GCA;1.745560407569141;1.6714340935446463;1.6672699429207851;1.6559976069398743;1.6805290227773695;;;;;;
GCG;0.2556040756914119;0.36799381522999614;0.2656271752749548;0.28297935985641637;0.23100661278471712;;;;;;
GAT;1.6237841805835933;1.5931477516059958;1.5638629283489096;1.5945378151260505;1.582790538224203;;;;;;
GAC;0.3762158194164067;0.4068522483940043;0.43613707165109034;0.4054621848739496;0.41720946177579704;;;;;;
GAA;1.6050183253453623;1.5930871956009427;1.581562099871959;1.603932584269663;1.6120658574690543;;;;;;
GAG;0.39498167465463774;0.40691280439905736;0.418437900128041;0.3960674157303371;0.3879341425309458;;;;;;
GGT;1.6222270083997417;1.472308834446919;1.4843442476292719;1.6568627450980393;1.6803519061583578;;;;;;
GGC;0.4049106181348266;0.4834446919079436;0.4752191805331902;0.3627450980392157;0.41642228739002934;;;;;;
GGA;1.5446909325866895;1.530512249443207;1.5587761674718197;1.4962292609351433;1.4428152492668622;;;;;;
GGG;0.4281714408787422;0.5137342242019303;0.4816604043657184;0.4841628959276018;0.4604105571847507;;;;;;
;;;;;;;;;;;